ID_COLETADO,ID_FORNECIDO,Cota_fornecida_m,Cota_coletada_PE3D_m,Diferenca_PE3D_m,Residuo_XY_m,Observacao
88,71,126.1780,126.1783,0.0003,0.000283,Pareamento inicial por translação; confirmar no QGIS.
89,78,126.3000,126.3000,0.0000,0.000671,Pareamento inicial por translação; confirmar no QGIS.
90,72,126.2530,126.2525,-0.0005,0.000762,Pareamento inicial por translação; confirmar no QGIS.
91,73,126.4100,126.4100,0.0000,0.000721,Pareamento inicial por translação; confirmar no QGIS.
92,74,126.5080,126.5075,-0.0005,0.000640,Pareamento inicial por translação; confirmar no QGIS.
93,75,126.5700,126.5700,0.0000,0.000583,Pareamento inicial por translação; confirmar no QGIS.
94,76,126.5920,126.5920,0.0000,0.000447,Pareamento inicial por translação; confirmar no QGIS.
95,77,126.5050,126.5050,0.0000,0.000412,Pareamento inicial por translação; confirmar no QGIS.
96,79,125.8800,125.8800,0.0000,0.000400,Pareamento inicial por translação; confirmar no QGIS.
97,15,152.0600,152.0595,-0.0005,0.000316,Pareamento inicial por translação; confirmar no QGIS.
98,16,151.8200,151.8200,0.0000,0.000316,Pareamento inicial por translação; confirmar no QGIS.
99,17,151.6150,151.6150,0.0000,0.000600,Pareamento inicial por translação; confirmar no QGIS.
100,18,151.6900,151.6900,0.0000,0.000316,Pareamento inicial por translação; confirmar no QGIS.
101,19,151.8750,151.8750,0.0000,0.000412,Pareamento inicial por translação; confirmar no QGIS.
102,20,152.1950,152.1950,0.0000,0.000283,Pareamento inicial por translação; confirmar no QGIS.
103,21,152.5680,152.5675,-0.0005,0.000632,Pareamento inicial por translação; confirmar no QGIS.
104,22,153.2100,153.2100,0.0000,0.000316,Pareamento inicial por translação; confirmar no QGIS.
105,23,153.9500,153.9500,0.0000,0.000539,Pareamento inicial por translação; confirmar no QGIS.
106,24,154.5180,154.5175,-0.0005,0.000608,Pareamento inicial por translação; confirmar no QGIS.
107,25,154.6180,154.6175,-0.0005,0.000200,Pareamento inicial por translação; confirmar no QGIS.
108,26,154.3400,154.3400,0.0000,0.000608,Pareamento inicial por translação; confirmar no QGIS.
109,27,153.8500,153.8500,0.0000,0.000539,Pareamento inicial por translação; confirmar no QGIS.
110,28,153.2670,153.2667,-0.0003,0.000700,Pareamento inicial por translação; confirmar no QGIS.
111,29,152.3600,152.3600,0.0000,0.000141,Pareamento inicial por translação; confirmar no QGIS.
112,30,151.4800,151.4800,0.0000,0.000224,Pareamento inicial por translação; confirmar no QGIS.
113,31,150.8330,150.8325,-0.0005,0.000447,Pareamento inicial por translação; confirmar no QGIS.
114,32,150.1940,150.1940,0.0000,0.000700,Pareamento inicial por translação; confirmar no QGIS.
115,33,149.5700,149.5700,0.0000,0.000000,Pareamento inicial por translação; confirmar no QGIS.
116,34,148.8950,148.8950,0.0000,0.000316,Pareamento inicial por translação; confirmar no QGIS.
117,35,147.8650,147.8650,0.0000,0.000412,Pareamento inicial por translação; confirmar no QGIS.
118,36,147.0350,147.0350,0.0000,0.000806,Pareamento inicial por translação; confirmar no QGIS.
119,37,146.3100,146.3100,0.0000,0.000721,Pareamento inicial por translação; confirmar no QGIS.
120,41,142.6950,142.6950,0.0000,0.000583,Pareamento inicial por translação; confirmar no QGIS.
121,42,141.4180,141.4175,-0.0005,0.000632,Pareamento inicial por translação; confirmar no QGIS.
122,43,140.3000,140.3000,0.0000,0.000707,Pareamento inicial por translação; confirmar no QGIS.
123,44,139.3090,139.3086,-0.0004,0.000224,Pareamento inicial por translação; confirmar no QGIS.
124,45,138.1600,138.1600,0.0000,0.000721,Pareamento inicial por translação; confirmar no QGIS.
125,46,137.1080,137.1075,-0.0005,0.000510,Pareamento inicial por translação; confirmar no QGIS.
126,38,145.5800,145.5800,0.0000,0.000412,Pareamento inicial por translação; confirmar no QGIS.
127,47,136.5750,136.5750,0.0000,0.000447,Pareamento inicial por translação; confirmar no QGIS.
128,39,144.7300,144.7300,0.0000,0.000539,Pareamento inicial por translação; confirmar no QGIS.
129,48,136.2600,136.2600,0.0000,0.000300,Pareamento inicial por translação; confirmar no QGIS.
130,40,143.5800,143.5800,0.0000,0.000141,Pareamento inicial por translação; confirmar no QGIS.
131,49,135.8750,135.8750,0.0000,0.000860,Pareamento inicial por translação; confirmar no QGIS.
132,50,135.3700,135.3700,0.0000,0.000316,Pareamento inicial por translação; confirmar no QGIS.
133,51,135.0000,135.0000,0.0000,0.000141,Pareamento inicial por translação; confirmar no QGIS.
134,52,134.8050,134.8050,0.0000,0.000800,Pareamento inicial por translação; confirmar no QGIS.
135,53,134.5550,134.5550,0.0000,0.000632,Pareamento inicial por translação; confirmar no QGIS.
136,54,134.3500,134.3500,0.0000,0.000583,Pareamento inicial por translação; confirmar no QGIS.
137,55,134.1600,134.1600,0.0000,0.000200,Pareamento inicial por translação; confirmar no QGIS.
138,56,133.7600,133.7600,0.0000,0.000781,Pareamento inicial por translação; confirmar no QGIS.
139,57,133.4700,133.4700,0.0000,0.000000,Pareamento inicial por translação; confirmar no QGIS.
140,58,132.9900,132.9900,0.0000,0.000361,Pareamento inicial por translação; confirmar no QGIS.
141,59,132.3350,132.3350,0.0000,0.000224,Pareamento inicial por translação; confirmar no QGIS.
142,60,131.3350,131.3350,0.0000,0.000510,Pareamento inicial por translação; confirmar no QGIS.
143,61,130.2800,130.2800,0.0000,0.000600,Pareamento inicial por translação; confirmar no QGIS.
144,62,128.9000,128.9000,0.0000,0.000728,Pareamento inicial por translação; confirmar no QGIS.
145,63,128.0430,128.0425,-0.0005,0.000361,Pareamento inicial por translação; confirmar no QGIS.
146,64,127.6460,127.6460,0.0000,0.000412,Pareamento inicial por translação; confirmar no QGIS.
147,11,154.2150,154.2150,0.0000,0.000500,Pareamento inicial por translação; confirmar no QGIS.
148,12,153.6050,153.6050,0.0000,0.000539,Pareamento inicial por translação; confirmar no QGIS.
149,13,152.9300,152.9300,0.0000,0.000640,Pareamento inicial por translação; confirmar no QGIS.
150,14,152.3700,152.3700,0.0000,0.000224,Pareamento inicial por translação; confirmar no QGIS.
151,1,157.6500,157.6500,0.0000,0.000000,Pareamento inicial por translação; confirmar no QGIS.
152,2,157.6350,157.6350,0.0000,0.000632,Pareamento inicial por translação; confirmar no QGIS.
153,3,157.4000,157.4000,0.0000,0.000412,Pareamento inicial por translação; confirmar no QGIS.
154,4,157.1560,157.1560,0.0000,0.000721,Pareamento inicial por translação; confirmar no QGIS.
155,5,156.9200,156.9200,0.0000,0.000539,Pareamento inicial por translação; confirmar no QGIS.
156,6,156.6470,156.6467,-0.0003,0.000583,Pareamento inicial por translação; confirmar no QGIS.
157,7,156.2450,156.2450,0.0000,0.000316,Pareamento inicial por translação; confirmar no QGIS.
158,8,155.9570,155.9567,-0.0003,0.000283,Pareamento inicial por translação; confirmar no QGIS.
159,9,155.4250,155.4250,0.0000,0.000361,Pareamento inicial por translação; confirmar no QGIS.
160,10,154.8300,154.8300,0.0000,0.000583,Pareamento inicial por translação; confirmar no QGIS.
161,65,127.2900,127.2900,0.0000,0.000500,Pareamento inicial por translação; confirmar no QGIS.
162,69,126.4440,126.4440,0.0000,0.000100,Pareamento inicial por translação; confirmar no QGIS.
163,70,126.4000,126.4000,0.0000,0.000224,Pareamento inicial por translação; confirmar no QGIS.
164,66,126.9800,126.9800,0.0000,0.000412,Pareamento inicial por translação; confirmar no QGIS.
165,67,126.6700,126.6700,0.0000,0.000361,Pareamento inicial por translação; confirmar no QGIS.
166,68,126.5830,126.5825,-0.0005,0.000141,Pareamento inicial por translação; confirmar no QGIS.
