De,Para,Estacao_de_m,Azimute_deg,Distancia_m,Cota_de_m,Cota_para_m,Delta_Z_m,Declividade_pct
1,2,0.0000,33.330126,19.9996,157.6500,157.6350,-0.0150,-0.0750
2,3,19.9996,33.332520,20.0001,157.6350,157.4000,-0.2350,-1.1750
3,4,39.9997,33.328552,20.0004,157.4000,157.1560,-0.2440,-1.2200
4,5,60.0001,21.517137,19.6494,157.1560,156.9200,-0.2360,-1.2011
5,6,79.6495,11.753215,20.0003,156.9200,156.6470,-0.2730,-1.3650
6,7,99.6498,11.753798,19.9993,156.6470,156.2450,-0.4020,-2.0101
7,8,119.6491,8.582659,19.9818,156.2450,155.9570,-0.2880,-1.4413
8,9,139.6309,6.652765,19.9997,155.9570,155.4250,-0.5320,-2.6600
9,10,159.6306,6.652433,20.0007,155.4250,154.8300,-0.5950,-2.9749
10,11,179.6312,6.217441,19.9996,154.8300,154.2150,-0.6150,-3.0751
11,12,199.6309,5.929233,20.0000,154.2150,153.6050,-0.6100,-3.0500
12,13,219.6309,5.929233,20.0000,153.6050,152.9300,-0.6750,-3.3750
13,14,239.6309,6.387648,19.9992,152.9300,152.3700,-0.5600,-2.8001
14,15,259.6300,6.571765,20.0004,152.3700,152.0600,-0.3100,-1.5500
15,16,279.6304,6.572093,19.9994,152.0600,151.8200,-0.2400,-1.2000
16,17,299.6298,3.113858,19.9925,151.8200,151.6150,-0.2050,-1.0254
17,18,319.6224,2.387017,20.0004,151.6150,151.6900,0.0750,0.3750
18,19,339.6227,2.384274,19.9993,151.6900,151.8750,0.1850,0.9250
19,20,359.6220,1.031419,19.9992,151.8750,152.1950,0.3200,1.6001
20,21,379.6213,0.796440,19.9999,152.1950,152.5680,0.3730,1.8650
21,22,399.6212,0.799304,19.9999,152.5680,153.2100,0.6420,3.2100
22,23,419.6212,3.374537,19.9957,153.2100,153.9500,0.7400,3.7008
23,24,439.6168,4.025607,19.9993,153.9500,154.5180,0.5680,2.8401
24,25,459.6162,4.028264,20.0004,154.5180,154.6180,0.1000,0.5000
25,26,479.6166,1.169315,19.9932,154.6180,154.3400,-0.2780,-1.3905
26,27,499.6097,0.421116,20.0005,154.3400,153.8500,-0.4900,-2.4499
27,28,519.6103,0.421137,19.9995,153.8500,153.2670,-0.5830,-2.9151
28,29,539.6098,0.593020,20.0001,153.2670,152.3600,-0.9070,-4.5350
29,30,559.6099,0.590155,20.0001,152.3600,151.4800,-0.8800,-4.4000
30,31,579.6100,0.590155,20.0001,151.4800,150.8330,-0.6470,-3.2350
31,32,599.6100,1.696223,19.9998,150.8330,150.1940,-0.6390,-3.1950
32,33,619.6098,1.713404,19.9999,150.1940,149.5700,-0.6240,-3.1200
33,34,639.6097,1.710541,19.9999,149.5700,148.8950,-0.6750,-3.3750
34,35,659.6096,5.200397,19.9913,148.8950,147.8650,-1.0300,-5.1522
35,36,679.6009,6.064638,19.9999,147.8650,147.0350,-0.8300,-4.1500
36,37,699.6009,6.067486,20.0000,147.0350,146.3100,-0.7250,-3.6250
37,38,719.6009,25.573190,19.7121,146.3100,145.5800,-0.7300,-3.7033
38,39,739.3130,30.405119,19.9996,145.5800,144.7300,-0.8500,-4.2501
39,40,759.3126,30.407590,20.0001,144.7300,143.5800,-1.1500,-5.7500
40,41,779.3126,29.609830,19.9963,143.5800,142.6950,-0.8850,-4.4258
41,42,799.3090,28.102652,19.9999,142.6950,141.4180,-1.2770,-6.3850
42,43,819.3088,28.102652,19.9999,141.4180,140.3000,-1.1180,-5.5900
43,44,839.3087,28.105179,20.0004,140.3000,139.3090,-0.9910,-4.9549
44,45,859.3091,30.834036,19.9218,139.3090,138.1600,-1.1490,-5.7675
45,46,879.2309,40.203554,19.9998,138.1600,137.1080,-1.0520,-5.2600
46,47,899.2308,40.203554,19.9998,137.1080,136.5750,-0.5330,-2.6650
47,48,919.2306,34.091482,19.8335,136.5750,136.2600,-0.3150,-1.5882
48,49,939.0641,25.124886,20.0003,136.2600,135.8750,-0.3850,-1.9250
49,50,959.0645,15.488903,19.8613,135.8750,135.3700,-0.5050,-2.5426
50,51,978.9258,10.763258,19.9999,135.3700,135.0000,-0.3700,-1.8500
51,52,998.9256,10.760444,19.9997,135.0000,134.8050,-0.1950,-0.9750
52,53,1018.9253,10.763258,19.9999,134.8050,134.5550,-0.2500,-1.2500
53,54,1038.9252,1.899675,19.9400,134.5550,134.3500,-0.2050,-1.0281
54,55,1058.8651,346.381560,19.7235,134.3500,134.1600,-0.1900,-0.9633
55,56,1078.5886,339.540853,20.0006,134.1600,133.7600,-0.4000,-1.9999
56,57,1098.5893,339.542536,19.9993,133.7600,133.4700,-0.2900,-1.4500
57,58,1118.5886,335.170615,19.9920,133.4700,132.9900,-0.4800,-2.4010
58,59,1138.5806,334.576561,19.9998,132.9900,132.3350,-0.6550,-3.2750
59,60,1158.5804,331.216445,19.9978,132.3350,131.3350,-1.0000,-5.0005
60,61,1178.5782,330.961534,20.0001,131.3350,130.2800,-1.0550,-5.2750
61,62,1198.5783,330.961534,20.0001,130.2800,128.9000,-1.3800,-6.9000
62,63,1218.5785,330.964039,19.9997,128.9000,128.0430,-0.8570,-4.2851
63,64,1238.5781,330.961534,20.0001,128.0430,127.6460,-0.3970,-1.9850
64,65,1258.5783,330.961534,20.0001,127.6460,127.2900,-0.3560,-1.7800
65,66,1278.5784,330.960144,19.9993,127.2900,126.9800,-0.3100,-1.5501
66,67,1298.5777,330.961534,20.0001,126.9800,126.6700,-0.3100,-1.5500
67,68,1318.5778,330.455900,19.9982,126.6700,126.5830,-0.0870,-0.4350
68,69,1338.5760,329.182654,19.9999,126.5830,126.4440,-0.1390,-0.6950
69,70,1358.5759,329.182654,19.9999,126.4440,126.4000,-0.0440,-0.2200
70,71,1378.5758,329.182654,19.9999,126.4000,126.1780,-0.2220,-1.1100
71,72,1398.5757,329.180194,20.0004,126.1780,126.2530,0.0750,0.3750
72,73,1418.5761,329.182654,19.9999,126.2530,126.4100,0.1570,0.7850
73,74,1438.5760,329.182654,19.9999,126.4100,126.5080,0.0980,0.4900
74,75,1458.5759,329.184122,20.0007,126.5080,126.5700,0.0620,0.3100
75,76,1478.5766,329.182654,19.9999,126.5700,126.5920,0.0220,0.1100
76,77,1498.5765,329.182654,19.9999,126.5920,126.5050,-0.0870,-0.4350
77,78,1518.5764,331.319116,19.9987,126.5050,126.3000,-0.2050,-1.0251
78,79,1538.5751,331.544791,19.9991,126.3000,125.8800,-0.4200,-2.1001
79,80,1558.5742,79.485443,19.2563,125.8800,125.5290,-0.3510,-1.8228
80,81,1577.8306,61.530407,19.9961,125.5290,125.4300,-0.0990,-0.4951
81,82,1597.8267,64.014050,20.0000,125.4300,125.6700,0.2400,1.2000
82,83,1617.8266,64.014050,20.0000,125.6700,125.9370,0.2670,1.3350
83,84,1637.8266,63.286305,19.9963,125.9370,125.5700,-0.3670,-1.8353
84,85,1657.8229,61.960204,20.0007,125.5700,125.4250,-0.1450,-0.7250
85,86,1677.8236,63.163249,19.9934,125.4250,125.2400,-0.1850,-0.9253
86,87,1697.8169,64.843095,20.0001,125.2400,124.9000,-0.3400,-1.7000
